Venue ID,Region,Latitude,Longitude,Venue,Venue Latitude,Venue Longitude,Venue Category,rating,checkinsCount,usersCount,tipCount,visitsCount,likes
559fb2a2498e645c15157450,Jakarta Barat,-6.16156235,106.74389124027667,Sushi Tei,-6.187777108477126,106.73383976371031,Sushi Restaurant,8.6,,,6.0,,44.0
4ef562ac0039deea01139349,Jakarta Barat,-6.16156235,106.74389124027667,Ninety-Nine,-6.188402181941541,106.7561886924864,Café,8.5,,,46.0,,113.0
4b6eaa4af964a520e6c52ce3,Jakarta Barat,-6.16156235,106.74389124027667,Coca Suki Restaurant,-6.190826461865607,106.76146479606308,Asian Restaurant,8.7,,,8.0,,34.0
4bf0f679a09076b032c829d4,Jakarta Barat,-6.16156235,106.74389124027667,Cita Rasa Medan,-6.133083423724842,106.7184384504475,Asian Restaurant,8.9,,,11.0,,52.0
597b2eb00457b7329bbe115a,Jakarta Barat,-6.16156235,106.74389124027667,Magal BBQ,-6.1913783,106.7533546,Korean Restaurant,8.5,,,3.0,,16.0
567fd73d498ef6bfc63de26f,Jakarta Barat,-6.16156235,106.74389124027667,Marugame Udon,-6.187986802796118,106.73430086313037,Udon Restaurant,8.3,,,1.0,,20.0
5659b272498e89a6452a2f17,Jakarta Barat,-6.16156235,106.74389124027667,Layar Seafood & Ikan Bakar,-6.195586436204971,106.75557885708925,Seafood Restaurant,8.6,,,13.0,,117.0
51557b9ee4b0f41898d715dd,Jakarta Barat,-6.16156235,106.74389124027667,Ikana - Ikana Seafood & Cafe,-6.124556530470882,106.74985920950145,Seafood Restaurant,8.7,,,20.0,,57.0
4d403e1100e8a35d6d35f9fa,Jakarta Barat,-6.16156235,106.74389124027667,Papa & Mama Pastries,-6.169563,106.769554,Bakery,8.2,,,5.0,,14.0
568b8b8e498e149cdac56b8f,Jakarta Barat,-6.16156235,106.74389124027667,Applebee's,-6.186963258254484,106.73892874596925,American Restaurant,8.1,,,0.0,,16.0
549bab3f498e59869233a56c,Jakarta Barat,-6.16156235,106.74389124027667,Food Avenue,-6.190119885353741,106.73833664646789,Food Court,8.2,,,6.0,,58.0
55925913498e7498d94c6222,Jakarta Barat,-6.16156235,106.74389124027667,Maxx Coffee,-6.18921545372859,106.7383198269687,Café,8.1,,,2.0,,21.0
4c542f92728920a14d985382,Jakarta Barat,-6.16156235,106.74389124027667,Sate Babi Johan,-6.169572517221197,106.7707231059022,BBQ Joint,8.0,,,13.0,,61.0
4d0c40cd903d37047461bc55,Jakarta Barat,-6.16156235,106.74389124027667,"Cufung Moi - Song Sui ""Hok Lopan""",-6.161551187489437,106.78113172984663,Chinese Restaurant,8.3,,,13.0,,41.0
4d15f7046d10370403732dbd,Jakarta Barat,-6.16156235,106.74389124027667,RM Sinar Minang,-6.166565812626671,106.7864625849273,Indonesian Restaurant,8.6,,,16.0,,58.0
550aae91498e118167887f1b,Jakarta Barat,-6.16156235,106.74389124027667,"Simpang Raya, Raja Ayam Pop",-6.165147985682413,106.7804183139954,Indonesian Restaurant,8.3,,,8.0,,34.0
504368afe4b0b9943ecf1841,Jakarta Barat,-6.16156235,106.74389124027667,De'CAKALANG,-6.198548265753104,106.74845028809621,Indonesian Restaurant,8.3,,,0.0,,20.0
59faf409da2e0051ba39bffc,Jakarta Barat,-6.16156235,106.74389124027667,Pizza Hut,-6.199106031690622,106.76864252442043,Pizza Place,8.7,,,0.0,,14.0
5872296c04f4d776d90ce927,Jakarta Barat,-6.16156235,106.74389124027667,Born Ga 본가,-6.174547641621338,106.79010384706937,Korean Restaurant,8.9,,,0.0,,17.0
4b90835cf964a520078e33e3,Jakarta Barat,-6.16156235,106.74389124027667,Sushi Tei,-6.176221737409085,106.79148983757906,Sushi Restaurant,8.8,,,182.0,,437.0
4e0b6617b3ad75925d66ec96,Jakarta Barat,-6.16156235,106.74389124027667,A Hwa Chinese Food,-6.148683837585048,106.78048304526071,Chinese Restaurant,8.2,,,23.0,,107.0
4c91b0a3b641236ac4d68379,Jakarta Barat,-6.16156235,106.74389124027667,Pisang Goreng Madu Bu Nanik,-6.174802691090678,106.78361635175112,Snack Place,8.3,,,19.0,,80.0
55696413498ed18f1c6c2b16,Jakarta Barat,-6.16156235,106.74389124027667,Loobie Lobster And Shrimp,-6.199742803104511,106.76929753898675,Seafood Restaurant,8.5,,,9.0,,24.0
4e5ee706a8090ec2164eabcb,Jakarta Barat,-6.16156235,106.74389124027667,Bakmi Bangka 21 Hadiah,-6.161695010064001,106.78363565429825,Chinese Restaurant,8.2,,,8.0,,26.0
4ff54569e4b0208917affb64,Jakarta Barat,-6.16156235,106.74389124027667,Warung Bu Kris,-6.197369880591328,106.75131588156898,Indonesian Restaurant,8.1,,,17.0,,62.0
5b6543107918710039241135,Jakarta Barat,-6.16156235,106.74389124027667,The Garden,-6.110451071846606,106.73783348966396,Café,8.8,,,6.0,,17.0
539e84d0498ee67090cf651a,Jakarta Barat,-6.16156235,106.74389124027667,Bakso Aan,-6.123921085435479,106.7430116025142,Asian Restaurant,8.1,,,8.0,,55.0
54420a6c498e9317f1ea79bb,Jakarta Barat,-6.16156235,106.74389124027667,Kwetiau Kerang,-6.112351596891265,106.74903583517374,Comfort Food Restaurant,8.6,,,8.0,,48.0
4c0b8e84a1b32d7f93289bf0,Jakarta Barat,-6.16156235,106.74389124027667,Bubur Angke,-6.1441153770379495,106.78772411172243,Chinese Restaurant,8.5,,,48.0,,129.0
4e47ccb4d4c065cb6bb128af,Jakarta Barat,-6.16156235,106.74389124027667,ATEK,-6.1480954947482696,106.78083013561246,BBQ Joint,8.1,,,28.0,,85.0
4f4ef7bfe4b07dc4efbb790d,Jakarta Barat,-6.16156235,106.74389124027667,Pizza é Birra,-6.176846731740856,106.7909466971658,Pizza Place,8.6,,,42.0,,229.0
51b956d2498e6960fc1fa55f,Jakarta Barat,-6.16156235,106.74389124027667,MeaterS (Steak & Ribs Specialist),-6.12570362362307,106.71189243561952,Steakhouse,8.5,,,39.0,,97.0
4d133d38d0fda093da82b157,Jakarta Barat,-6.16156235,106.74389124027667,Rāā Čhā Suki & Barbeque,-6.168249058058877,106.78643448321257,Asian Restaurant,8.2,,,7.0,,30.0
5063e391498ee7dbb7667363,Jakarta Barat,-6.16156235,106.74389124027667,Ta Chia,-6.123018654390707,106.78329041866861,Chinese Restaurant,8.9,,,2.0,,54.0
56b6cf4f498e1798d51c1f68,Jakarta Barat,-6.16156235,106.74389124027667,Yoshinoya (吉野家),-6.116252763647261,106.7563779514703,Japanese Restaurant,8.4,,,1.0,,31.0
539fdf70498e08a9de1bf6e1,Jakarta Barat,-6.16156235,106.74389124027667,Bornga 본가,-6.111141420243411,106.73839481744868,Korean Restaurant,8.6,,,18.0,,101.0
4c28aaa69fb5d13ad7df9957,Jakarta Barat,-6.16156235,106.74389124027667,Martabak Alay,-6.182222,106.787162,Creperie,8.4,,,4.0,,7.0
50dd942be4b050d7c54979ec,Jakarta Barat,-6.16156235,106.74389124027667,Provence Bakery,-6.116220091140242,106.7565811091471,Bakery,8.3,,,0.0,,10.0
574ed930498e412ad7129361,Jakarta Barat,-6.16156235,106.74389124027667,Warung Wakaka,-6.124190221070758,106.78159895629494,Food Truck,8.6,,,6.0,,44.0
5603d5e5498e528ac325ca81,Jakarta Barat,-6.16156235,106.74389124027667,Alpukat Bistro,-6.170328248077856,106.78547428163095,Vegetarian / Vegan Restaurant,8.1,,,0.0,,8.0
5a44e483065ef575c13e0084,Jakarta Barat,-6.16156235,106.74389124027667,Sushi Hiro,-6.1747058469818885,106.79049468353323,Japanese Restaurant,8.4,,,4.0,,20.0
543d19ba498e918b452eef7a,Jakarta Barat,-6.16156235,106.74389124027667,Mapogalmaegi Korean BBQ,-6.112065474464249,106.74248589557084,Korean Restaurant,8.4,,,5.0,,85.0
557bd7e0498ed9cb19551d9d,Jakarta Barat,-6.16156235,106.74389124027667,Sate Khas Senayan,-6.178841431619503,106.79295219915991,Javanese Restaurant,8.5,,,4.0,,26.0
529aff22498e26ef63c4dc91,Jakarta Barat,-6.16156235,106.74389124027667,McDonald's,-6.199324750219931,106.76925080865884,Fast Food Restaurant,8.2,,,16.0,,140.0
57285c48498e3b3f18fc872e,Jakarta Barat,-6.16156235,106.74389124027667,Buns & Meat Jakarta,-6.111929806570718,106.7380199906683,Burger Joint,8.4,,,3.0,,10.0
4ba5b909f964a520641e39e3,Jakarta Barat,-6.16156235,106.74389124027667,Bakmi Aloi,-6.162658654487163,106.79108901264827,Noodle House,8.2,,,66.0,,147.0
56907f91498e1fff5e386286,Jakarta Barat,-6.16156235,106.74389124027667,Saine Daise,-6.114697046669204,106.7554434499202,Bistro,8.2,,,2.0,,27.0
560cdeea498eaea7296601b1,Jakarta Barat,-6.16156235,106.74389124027667,ZENBU House Of Mozaru,-6.176483008656285,106.7909397251567,Japanese Restaurant,8.3,,,13.0,,51.0
5512bdbf498e48f4637b9a3e,Jakarta Barat,-6.16156235,106.74389124027667,Holycow!,-6.104025381043803,106.74047921598327,Steakhouse,8.7,,,8.0,,56.0
574a832a498e1c0c6ffb4ea9,Jakarta Barat,-6.16156235,106.74389124027667,Chili's Grill and Bar,-6.115855965843437,106.75610939717468,American Restaurant,8.2,,,2.0,,22.0
53d76a48498e79c17333c651,Jakarta Utara,-6.1362053,106.90069097114528,Marugame Udon,-6.145324740062516,106.8918383215754,Udon Restaurant,8.7,,,16.0,,84.0
5a61f1fb1f8ed62311b32613,Jakarta Utara,-6.1362053,106.90069097114528,Bakmi Gading Permai,-6.15013744201541,106.90942074986353,Asian Restaurant,8.9,,,3.0,,14.0
5c6d08ded4cc98002ce1a33c,Jakarta Utara,-6.1362053,106.90069097114528,Union Mall Kelapa Gading,-6.156123,106.908601,Restaurant,8.7,,,0.0,,10.0
5086783ce4b07645f1dd072c,Jakarta Utara,-6.1362053,106.90069097114528,Bornga 본가,-6.157279695501674,106.90024370852592,Korean Restaurant,8.6,,,32.0,,129.0
4bcb9ebd0687ef3bc527decc,Jakarta Utara,-6.1362053,106.90069097114528,Bakmi Bangka Asan,-6.147685911947067,106.90883934002427,Noodle House,8.3,,,9.0,,13.0
50cb0fe6e4b04f44d373ff35,Jakarta Utara,-6.1362053,106.90069097114528,Gading Walk,-6.157922843002871,106.90910117391192,Food Court,8.7,,,17.0,,139.0
4cb84f82035d236af9d2cb4e,Jakarta Utara,-6.1362053,106.90069097114528,Rumah Makan Padang Sederhana,-6.159584354257882,106.90586937430771,Indonesian Restaurant,8.7,,,5.0,,36.0
561a5ced498e1bc38b5462c3,Jakarta Utara,-6.1362053,106.90069097114528,Bangi Kopitiam MAG,-6.144517809576417,106.89215971202246,Asian Restaurant,8.1,,,1.0,,11.0
56fb7793498e7ceca5f89f86,Jakarta Utara,-6.1362053,106.90069097114528,EXPATRIATE Restaurant & Coffee,-6.148349715636374,106.90944037746762,American Restaurant,8.2,,,5.0,,29.0
56a99d8d498e411c0dd6a782,Jakarta Utara,-6.1362053,106.90069097114528,Thai Chada (Traditional Thai Cuisine),-6.151512348061165,106.90932677946668,Thai Restaurant,8.3,,,3.0,,30.0
5739c8f738faf9c0f03bb638,Jakarta Utara,-6.1362053,106.90069097114528,Pasar MOI,-6.150488222985009,106.89196973595186,Food Court,8.3,,,33.0,,76.0
52b7c2e0498e4ddd244604fe,Jakarta Utara,-6.1362053,106.90069097114528,Dapur Solo Ny. Swan Sunter II,-6.139829971618243,106.88360568738943,Indonesian Restaurant,8.3,,,4.0,,70.0
559dff7b498e32ae0bbc44ce,Jakarta Utara,-6.1362053,106.90069097114528,Ncek Legenda Noodle Bar,-6.1469006695129815,106.90548845013775,Noodle House,8.1,,,5.0,,26.0
4bd2884f41b9ef3b7f67fee5,Jakarta Utara,-6.1362053,106.90069097114528,Angke Restaurant & Ballrooms,-6.152510417924666,106.89350295878374,Chinese Restaurant,8.3,,,87.0,,331.0
58a56a5c9dc8d052745246ff,Jakarta Utara,-6.1362053,106.90069097114528,Gyu-Kaku,-6.156367953426078,106.90995501799101,BBQ Joint,8.5,,,2.0,,13.0
4cf0f5411d18a14323f64fec,Jakarta Utara,-6.1362053,106.90069097114528,Sate Afrika Asli H. Ismail Coulibaly,-6.160279596365443,106.90752578367643,African Restaurant,8.6,,,7.0,,30.0
4c6ce8d846353704aab307bc,Jakarta Utara,-6.1362053,106.90069097114528,Home Made Bakery,-6.1533904,106.90691,Bakery,8.3,,,4.0,,18.0
556d543e498e7f91d144cfab,Jakarta Utara,-6.1362053,106.90069097114528,Six Ounces Coffee,-6.161332,106.90857,Café,8.6,,,32.0,,126.0
5818a4c138fa59db18d7d7ef,Jakarta Utara,-6.1362053,106.90069097114528,Tous Les Jours,-6.156567,106.910393,Bakery,8.4,,,1.0,,8.0
54e43755498ec569ea5e7e1e,Jakarta Utara,-6.1362053,106.90069097114528,Bakmi Naga Resto Gading Walk,-6.158024259551952,106.90891953692251,Asian Restaurant,8.3,,,0.0,,8.0
57556038498e07a4d7b6218c,Jakarta Utara,-6.1362053,106.90069097114528,May Star Restaurant,-6.145325142175856,106.89258687648292,Chinese Restaurant,7.9,,,4.0,,17.0
57777a5fcd102e6385426ed0,Jakarta Utara,-6.1362053,106.90069097114528,Genki Sushi,-6.1568960183745824,106.90876694004183,Sushi Restaurant,8.2,,,4.0,,28.0
4bed2d701d5576b04c9fbeea,Jakarta Utara,-6.1362053,106.90069097114528,J.Co Donuts & Coffee,-6.145548936203591,106.89176123060376,Donut Shop,7.9,,,37.0,,33.0
500a4d19e4b02b2a7edc3c9f,Jakarta Utara,-6.1362053,106.90069097114528,"Bakso Ikan Asli ""Alie""",-6.138494500095,106.8689980333936,Chinese Restaurant,8.6,,,3.0,,27.0
4efaa03ff790731254cd2fb6,Jakarta Utara,-6.1362053,106.90069097114528,Sop Buntut Goreng Haji Sodik Sunter,-6.137263213502053,106.87401236694467,Soup Place,8.4,,,2.0,,27.0
52bd8927498eb50ba63aec66,Jakarta Utara,-6.1362053,106.90069097114528,McDonald's / McCafé,-6.140704884039328,106.88406375858084,Fast Food Restaurant,8.0,,,11.0,,133.0
56d50eea498ec88368aa9a51,Jakarta Utara,-6.1362053,106.90069097114528,Gerobak Betawi,-6.138081603062797,106.8677215225447,Betawinese Restaurant,8.7,,,1.0,,16.0
58b1937f2980db0b0fefbbcb,Jakarta Utara,-6.1362053,106.90069097114528,Green Door Kitchen,-6.149262783202249,106.90290669240453,Café,7.9,,,6.0,,22.0
58adaac8f776b0077b1dcba2,Jakarta Utara,-6.1362053,106.90069097114528,Sushi Hiro,-6.169636580948634,106.89945659275416,Sushi Restaurant,8.7,,,4.0,,28.0
4ce0cc5b69136dcbc3d8e5e6,Jakarta Utara,-6.1362053,106.90069097114528,Hawaii Restaurant,-6.137537122756596,106.87048952133982,Chinese Restaurant,8.5,,,16.0,,77.0
4b9b29bbf964a5201bf735e3,Jakarta Utara,-6.1362053,106.90069097114528,Pondok Pangandaran,-6.15308456144761,106.90897541723618,Seafood Restaurant,8.0,,,75.0,,122.0
57234ef2498e8f6308a35336,Jakarta Utara,-6.1362053,106.90069097114528,Francis フランシス アルチザン Artisan Bakery,-6.156923342916871,106.90880373168748,Bakery,8.1,,,7.0,,15.0
4b6ebbb6f964a52033c82ce3,Jakarta Utara,-6.1362053,106.90069097114528,Ippeke Komachi,-6.156399414492943,106.90912937659942,Japanese Restaurant,8.1,,,92.0,,153.0
599fa8b17564f768b7cb9a88,Jakarta Utara,-6.1362053,106.90069097114528,Samcan Epenk,-6.152221845076717,106.90937050515319,BBQ Joint,8.0,,,3.0,,14.0
4bb7ed4eb35776b04d6ac801,Jakarta Utara,-6.1362053,106.90069097114528,Ernie Mie Siram dan Jajanan Pasar,-6.161747452024625,106.90463256821067,Asian Restaurant,8.2,,,17.0,,29.0
5263cd63498e826ea124c342,Jakarta Utara,-6.1362053,106.90069097114528,"Seafood Ayu,Kelapa Gading",-6.155749356503687,106.89532567041877,Seafood Restaurant,8.0,,,14.0,,80.0
4b5c4615f964a520462929e3,Jakarta Utara,-6.1362053,106.90069097114528,Pempek Palembang & Otak-Otak 161,-6.163570404035666,106.90344582645932,Indonesian Restaurant,8.3,,,32.0,,59.0
4ce65e32f3bda14379f6aae4,Jakarta Utara,-6.1362053,106.90069097114528,RM Padang Karya Bundo,-6.150623889470533,106.87858950240036,Indonesian Restaurant,8.2,,,4.0,,17.0
4e848060dab48e6239a73dbb,Jakarta Utara,-6.1362053,106.90069097114528,Martabak Rudy Spesial Bangka,-6.154690646905993,106.91302922925175,Snack Place,8.0,,,8.0,,13.0
4d4bac901b6ea093eb6ea7d9,Jakarta Utara,-6.1362053,106.90069097114528,Bakmi Alot Kota Bunga,-6.1368485412168665,106.86617341879804,Noodle House,8.5,,,0.0,,13.0
4baf100bf964a5205fe93be3,Jakarta Utara,-6.1362053,106.90069097114528,Bakmi Aloi,-6.1692095,106.90114,Noodle House,8.4,,,12.0,,67.0
4ba60b44f964a520e72f39e3,Jakarta Utara,-6.1362053,106.90069097114528,Seafood 212 Wiro Sableng,-6.152724390393022,106.90902508584196,Seafood Restaurant,7.9,,,164.0,,294.0
500fe489e4b00e7a7bb184a1,Jakarta Utara,-6.1362053,106.90069097114528,Holycow! Steakhouse,-6.16384575460423,106.90317661068737,Steakhouse,8.1,,,65.0,,273.0
4c2c5fd6b34ad13a0533ebce,Jakarta Utara,-6.1362053,106.90069097114528,Bakso Sapi Singkawang 28,-6.150522,106.878776,Soup Place,8.0,,,7.0,,7.0
4c188115838020a11d4ce461,Jakarta Utara,-6.1362053,106.90069097114528,Bogana Milka (Kedai Pawon Sae),-6.163280044103301,106.8924519697629,Indonesian Restaurant,8.0,,,6.0,,12.0
55ea5015498ed46daf75dbb3,Jakarta Utara,-6.1362053,106.90069097114528,Burger King,-6.1689387708672,106.87751775628763,Fast Food Restaurant,8.4,,,2.0,,17.0
4f75a264e4b00446b3c0f6e7,Jakarta Utara,-6.1362053,106.90069097114528,Bakmi Ipin ( Family Restaurant),-6.11683884944037,106.91524107214735,Chinese Restaurant,7.9,,,4.0,,12.0
534cdf3e498ea1fd7e276e61,Jakarta Utara,-6.1362053,106.90069097114528,Sawung Petok,-6.148549352251687,106.91438402468928,Javanese Restaurant,7.7,,,6.0,,12.0
4cfb102734c1a0931540440e,Jakarta Utara,-6.1362053,106.90069097114528,Swikee Purwodadi Gloris,-6.172415074318705,106.89782262273613,Asian Restaurant,8.2,,,7.0,,16.0
56fbbe48498e0a3ce3226bd4,Jakarta Utara,-6.1362053,106.90069097114528,Pig Hunter,-6.138853247543029,106.86393209808782,Restaurant,8.1,,,12.0,,58.0
4f910002e4b06a3a4c18b7e0,Jakarta Timur,-6.26289085,106.88222894692834,Rumah Makan Padang 67,-6.27667,106.886673,Indonesian Restaurant,8.2,,,12.0,,10.0
5493c394498e3493059b7e62,Jakarta Timur,-6.26289085,106.88222894692834,McDonald's Pondok Bambu,-6.238676370523271,106.89959383586127,Fast Food Restaurant,8.2,,,7.0,,70.0
548c6d7b498e7d1ac149e7c8,Jakarta Timur,-6.26289085,106.88222894692834,McDonald's,-6.236946196049579,106.86895678588638,Fast Food Restaurant,8.2,,,11.0,,77.0
4e7259ff091a250670a5b998,Jakarta Timur,-6.26289085,106.88222894692834,Nasi Goreng Ipung,-6.232746130857717,106.8973986917002,Diner,8.3,,,7.0,,42.0
4c00f509ceabb71357f38752,Jakarta Timur,-6.26289085,106.88222894692834,Majestyk Bakery & Cake Shop,-6.241684899728979,106.90133920082745,Bakery,8.1,,,1.0,,11.0
4bde5f3be75c0f47b0c8c703,Jakarta Timur,-6.26289085,106.88222894692834,Soto Betawi Haji Halim,-6.224867013795856,106.90563642742909,Soup Place,9.0,,,5.0,,43.0
592e4a680123585a72918047,Jakarta Timur,-6.26289085,106.88222894692834,Burger King,-6.232274,106.897271,Fast Food Restaurant,8.3,,,0.0,,12.0
56fd1ca3cd1000ea71cd1835,Jakarta Timur,-6.26289085,106.88222894692834,Burger King,-6.224728039897462,106.85502638989445,Fast Food Restaurant,9.1,,,3.0,,32.0
570757a7cd10deccf750e4f4,Jakarta Timur,-6.26289085,106.88222894692834,Domino's Pizza,-6.23428,106.856893,Pizza Place,8.4,,,1.0,,16.0
5260c09811d2bc7464937a76,Jakarta Timur,-6.26289085,106.88222894692834,Sarang Oci,-6.227948281855372,106.85643833818511,Manadonese Restaurant,8.6,,,8.0,,28.0
51f3b81a498e0e8236c8f708,Jakarta Timur,-6.26289085,106.88222894692834,Green Terrace,-6.303755441803628,106.8859843667791,Restaurant,8.5,,,44.0,,256.0
50d3017b498ebcf9289e531c,Jakarta Timur,-6.26289085,106.88222894692834,Pizza Hut,-6.302816625032872,106.88505875843464,Pizza Place,8.4,,,20.0,,66.0
592c28df1213840bd95d3ca7,Jakarta Timur,-6.26289085,106.88222894692834,Ayam Gepuk Pak Gembus Duren Sawit,-6.2248858472370365,106.90564877790408,Food Truck,8.6,,,6.0,,6.0
4c1b612db4e62d7fb938d993,Jakarta Timur,-6.26289085,106.88222894692834,Soto sate H.Nawi klender,-6.2235266101713425,106.89926903369235,Asian Restaurant,8.5,,,8.0,,20.0
4c0b3758ffb8c9b6cf086d61,Jakarta Timur,-6.26289085,106.88222894692834,Sate Khas Senayan,-6.252984851450887,106.84262623201548,Indonesian Restaurant,8.3,,,24.0,,140.0
4db7c8bd5da3b5fa68b1c32b,Jakarta Timur,-6.26289085,106.88222894692834,Soto Mie Bogor,-6.232182897171257,106.90109561370292,Soup Place,8.1,,,6.0,,31.0
5672c191498e5ad22666794b,Jakarta Timur,-6.26289085,106.88222894692834,McDonald's / McCafé,-6.303783994666157,106.84804968538747,Fast Food Restaurant,9.0,,,73.0,,115.0
5405957c498e2fef357dbee9,Jakarta Timur,-6.26289085,106.88222894692834,frenchie,-6.236188494653401,106.84691950407807,French Restaurant,8.3,,,8.0,,17.0
57a32310498e2352ce6c6c0d,Jakarta Timur,-6.26289085,106.88222894692834,Abuba Steak,-6.22888136502306,106.85453507941446,Steakhouse,8.3,,,6.0,,37.0
4c0114679cf52d7fed9e14e7,Jakarta Timur,-6.26289085,106.88222894692834,Sate Habib Kambing Muda,-6.225245667516681,106.86169682087196,Middle Eastern Restaurant,8.2,,,3.0,,25.0
51f283b6498e7c70ba418091,Jakarta Timur,-6.26289085,106.88222894692834,Sushi Tei,-6.22438315110825,106.84252344743216,Sushi Restaurant,8.8,,,39.0,,226.0
4d2ef7c0d9d8a1433b72fed7,Jakarta Timur,-6.26289085,106.88222894692834,Nasi Uduk & Ayam Goreng Kp. Melayu Besar,-6.225196086529479,106.86295014949977,Restaurant,8.1,,,8.0,,29.0
5502a090498e27e2ba95ba4f,Jakarta Timur,-6.26289085,106.88222894692834,Holycow! Steakhouse,-6.248161301709591,106.93130894312159,Steakhouse,8.5,,,20.0,,113.0
51f5021e498ee02281777173,Jakarta Timur,-6.26289085,106.88222894692834,Sate Khas Senayan,-6.2331620362985065,106.84455605262006,Indonesian Restaurant,8.4,,,21.0,,130.0
54487494498e170fd98aec44,Jakarta Timur,-6.26289085,106.88222894692834,Warung Nasi Ampera,-6.303596421260913,106.85166210070321,Sundanese Restaurant,8.5,,,6.0,,43.0
575c293e498e89530ac6aa27,Jakarta Timur,-6.26289085,106.88222894692834,PAUL Patisserie & Boulangerie,-6.223779982616984,106.84335897790102,Bakery,8.7,,,6.0,,21.0
4c9758ab94a0236adb21a612,Jakarta Timur,-6.26289085,106.88222894692834,Restoran Sederhana,-6.224458526447573,106.85251495521405,Padangnese Restaurant,8.3,,,12.0,,66.0
58479fd3debdf6505168b687,Jakarta Timur,-6.26289085,106.88222894692834,Genki Sushi,-6.223524829100402,106.84338458671907,Sushi Restaurant,8.7,,,4.0,,13.0
538b0fe2498e0c921fa306d7,Jakarta Timur,-6.26289085,106.88222894692834,REMBOELAN Indonesian Soulfood,-6.2234063321158075,106.84204536232198,Indonesian Restaurant,8.7,,,25.0,,106.0
578b73c038fa871db612b70c,Jakarta Timur,-6.26289085,106.88222894692834,WARUNKOMANDO Roti Pisang Bakar Ghifari,-6.2245364,106.8471,Indonesian Restaurant,8.4,,,0.0,,11.0
52d15f40498eda48bb9ca67d,Jakarta Timur,-6.26289085,106.88222894692834,Ikkudo Ichi,-6.22396251912339,106.8432235475096,Noodle House,8.5,,,25.0,,97.0
4c11b7eed55995210c4d18b9,Jakarta Timur,-6.26289085,106.88222894692834,KFC,-6.254365920143093,106.82726751273914,Fast Food Restaurant,8.5,,,17.0,,141.0
55ab2977498eb193c70c0d8c,Jakarta Timur,-6.26289085,106.88222894692834,Shaburi,-6.2243825669599415,106.84249783181235,Shabu-Shabu Restaurant,8.4,,,6.0,,41.0
5576bb89498ef59c10517ee9,Jakarta Timur,-6.26289085,106.88222894692834,Sate Khas Senayan,-6.224864076871153,106.83010825875854,Javanese Restaurant,9.0,,,5.0,,24.0
5ad0bd3b123a1961ab123230,Jakarta Timur,-6.26289085,106.88222894692834,Nosh,-6.2234993,106.84226,Restaurant,8.4,,,1.0,,7.0
5013ee56e4b09cb7df87f05d,Jakarta Timur,-6.26289085,106.88222894692834,TOUS les JOURS,-6.223719171356006,106.84282311401192,Bakery,8.4,,,33.0,,110.0
5014e4efe4b0c3d591edded4,Jakarta Timur,-6.26289085,106.88222894692834,ZENBU House of Mozaru,-6.224429312888281,106.84254661455229,Japanese Restaurant,8.3,,,35.0,,103.0
4c318148452620a105c3200f,Jakarta Timur,-6.26289085,106.88222894692834,Lapo Marpadotbe Bea Cukai,-6.205586662113302,106.87328920193809,Indonesian Restaurant,8.5,,,28.0,,68.0
5662becb38fa1e55a5853a45,Jakarta Timur,-6.26289085,106.88222894692834,Holycow! Steakhouse #CAMPTendean,-6.240188094640874,106.82160216534362,Steakhouse,8.9,,,6.0,,62.0
4b52f715f964a520868b27e3,Jakarta Timur,-6.26289085,106.88222894692834,BLOWFISH Kitchen & Bar,-6.235892373768076,106.8236826571779,Sushi Restaurant,8.9,,,85.0,,375.0
571a0478498ef2ba2434fb55,Jakarta Timur,-6.26289085,106.88222894692834,Bakmi GM,-6.222800311945142,106.8435004674896,Noodle House,8.3,,,2.0,,20.0
4bfa2e828f32ef3b45d604aa,Jakarta Timur,-6.26289085,106.88222894692834,FJ BISTRO & DELI,-6.259866632277193,106.81547850318792,Restaurant,9.0,,,30.0,,76.0
527054fa498e710b21963b9a,Jakarta Timur,-6.26289085,106.88222894692834,Marugame Udon,-6.224063985395085,106.84322015319424,Udon Restaurant,8.3,,,50.0,,216.0
51fdfe05498e55253da4825e,Jakarta Timur,-6.26289085,106.88222894692834,Thamra Kurma,-6.2354465084136415,106.92279023190551,Mediterranean Restaurant,8.0,,,1.0,,12.0
558aaa91498e9ffb60fe7ec2,Jakarta Timur,-6.26289085,106.88222894692834,Shabu Hachi,-6.280428123529035,106.819887480785,Shabu-Shabu Restaurant,8.8,,,35.0,,210.0
552dc2e7498eeddb27d3a2ef,Jakarta Timur,-6.26289085,106.88222894692834,Carl's Jr.,-6.220532936738357,106.92367536005567,Fast Food Restaurant,8.4,,,13.0,,111.0
5598b6b1498e4d9fdbe5b9c2,Jakarta Timur,-6.26289085,106.88222894692834,Carl's Jr.,-6.219847487912795,106.83334828819707,Fast Food Restaurant,8.8,,,11.0,,88.0
50f67afde4b023d2f21cf366,Jakarta Timur,-6.26289085,106.88222894692834,Authentique French Bakery,-6.2652216239421605,106.81922917848911,Bakery,8.6,,,20.0,,55.0
55518db1498ed9b1b48681f1,Jakarta Timur,-6.26289085,106.88222894692834,pokenbir,-6.216982258132307,106.83015716002771,BBQ Joint,8.9,,,23.0,,116.0
594b5fb7fd16bb635e028831,Jakarta Timur,-6.26289085,106.88222894692834,kitchenette,-6.2615176900722584,106.81232874006562,Restaurant,9.0,,,3.0,,41.0
550c282f498e5f0a6b0d02d2,Jakarta Selatan,-6.28381815,106.80486349194814,Holycow! Steakhouse,-6.291587819998643,106.80092272960407,Steakhouse,9.1,,,11.0,,92.0
4c67c0dae75ac9287c55fbda,Jakarta Selatan,-6.28381815,106.80486349194814,Pagi Sore,-6.2773953689367294,106.7993024318945,Padangnese Restaurant,9.0,,,118.0,,409.0
5943e14a002f4c4e853bcb55,Jakarta Selatan,-6.28381815,106.80486349194814,Pagi Sore,-6.2790284805434275,106.81320759882453,Padangnese Restaurant,9.1,,,11.0,,59.0
53bfb42f498e874e3ac200c1,Jakarta Selatan,-6.28381815,106.80486349194814,Twin House Noodles & Beyond,-6.278724750563614,106.80489359733292,Noodle House,8.7,,,6.0,,22.0
54e70a62498ebe5df697477e,Jakarta Selatan,-6.28381815,106.80486349194814,Sophie Authentique,-6.277665350872448,106.80190421455421,French Restaurant,8.8,,,18.0,,72.0
58feea00f00a704dc61dc09f,Jakarta Selatan,-6.28381815,106.80486349194814,Animo Bakery,-6.2767524690799625,106.7988412319126,Bakery,8.8,,,1.0,,21.0
5363a421498ef52a743ea890,Jakarta Selatan,-6.28381815,106.80486349194814,Bebek Tepi Sawah,-6.2917002339266,106.79966367350124,Asian Restaurant,8.8,,,36.0,,110.0
4c137b3db7b9c9281592a937,Jakarta Selatan,-6.28381815,106.80486349194814,Ayam Goreng Presto,-6.277884380658251,106.80312408759261,Restaurant,8.5,,,8.0,,31.0
52b1e4df11d2d0d64c958d54,Jakarta Selatan,-6.28381815,106.80486349194814,TOUS les JOURS,-6.291654836724061,106.79972971462867,Bakery,8.6,,,14.0,,68.0
5378b316498e705f7e0f05ce,Jakarta Selatan,-6.28381815,106.80486349194814,Bulaf Cafe,-6.287186667239931,106.80128800780565,Café,8.3,,,8.0,,28.0
4bab4eb4f964a520599f3ae3,Jakarta Selatan,-6.28381815,106.80486349194814,Toodz House,-6.277903149071223,106.80181594021266,Café,8.3,,,59.0,,171.0
505efc51e4b0263fc3a08e96,Jakarta Selatan,-6.28381815,106.80486349194814,Tahu Campur | Nasi Rawon | Tahu Telur,-6.294351378280124,106.79451415593259,Food Truck,8.7,,,5.0,,28.0
558aaa91498e9ffb60fe7ec2,Jakarta Selatan,-6.28381815,106.80486349194814,Shabu Hachi,-6.280428123529035,106.819887480785,Shabu-Shabu Restaurant,8.8,,,35.0,,210.0
550e4e43498eb82585364e28,Jakarta Selatan,-6.28381815,106.80486349194814,Carl's Jr,-6.270967547105943,106.81540651773312,Fast Food Restaurant,8.6,,,10.0,,70.0
594b5fb7fd16bb635e028831,Jakarta Selatan,-6.28381815,106.80486349194814,kitchenette,-6.2615176900722584,106.81232874006562,Restaurant,9.0,,,3.0,,41.0
4b8bd57ef964a520a8ad32e3,Jakarta Selatan,-6.28381815,106.80486349194814,Toscana Ristorante Italiano,-6.2716483891123715,106.81517508444625,Italian Restaurant,8.4,,,57.0,,152.0
4bd13d17caff95215275d0f0,Jakarta Selatan,-6.28381815,106.80486349194814,"Warung Sate Solo ""Sumber""",-6.279900358619914,106.81825622839467,Indonesian Restaurant,8.3,,,1.0,,19.0
4c6a774a1a6620a15914668c,Jakarta Selatan,-6.28381815,106.80486349194814,Pecel Ayam Lesehan Angel,-6.274027055039399,106.79764989966588,Fried Chicken Joint,8.2,,,4.0,,10.0
4bfa2e828f32ef3b45d604aa,Jakarta Selatan,-6.28381815,106.80486349194814,FJ BISTRO & DELI,-6.259866632277193,106.81547850318792,Restaurant,9.0,,,30.0,,76.0
53e4b020498e569365872abf,Jakarta Selatan,-6.28381815,106.80486349194814,Martabak Ayung Ampera Raya,-6.285356084805795,106.8189237222946,Food Truck,8.2,,,0.0,,9.0
522594f92fc64ccfabb04e66,Jakarta Selatan,-6.28381815,106.80486349194814,UNION,-6.267895056468469,106.78388273020634,American Restaurant,8.9,,,71.0,,441.0
50f67afde4b023d2f21cf366,Jakarta Selatan,-6.28381815,106.80486349194814,Authentique French Bakery,-6.2652216239421605,106.81922917848911,Bakery,8.6,,,20.0,,55.0
4d664e0d485ab1f73f9c6849,Jakarta Selatan,-6.28381815,106.80486349194814,Kinara Cuisines of India,-6.269036909305184,106.81573613648438,Indian Restaurant,8.3,,,13.0,,45.0
55d6fef3498e5b8f9c0dab08,Jakarta Selatan,-6.28381815,106.80486349194814,Ivy Restaurant,-6.254713416022013,106.80433752670524,Comfort Food Restaurant,8.9,,,5.0,,49.0
59a17283135b395e9d7b7ea5,Jakarta Selatan,-6.28381815,106.80486349194814,Pizza Place,-6.272454,106.821285,Pizza Place,8.3,,,2.0,,9.0
4ba316a3f964a5204e2b38e3,Jakarta Selatan,-6.28381815,106.80486349194814,Sushi Tei,-6.26670147183694,106.78331356948567,Sushi Restaurant,8.7,,,219.0,,394.0
4bbae9fb3db7b713dfca239a,Jakarta Selatan,-6.28381815,106.80486349194814,Sate Ayam Pondok Indah,-6.277510106632768,106.77663189676846,Asian Restaurant,8.7,,,2.0,,11.0
539fd5a1498e723ddb85bc50,Jakarta Selatan,-6.28381815,106.80486349194814,Bebek Tepi Sawah,-6.265277425478943,106.78284377610471,Balinese Restaurant,8.7,,,14.0,,53.0
5927de3951950e1087449bc5,Jakarta Selatan,-6.28381815,106.80486349194814,Ecology Bistro Kemang,-6.256041351360179,106.81457619206982,Bistro,8.7,,,0.0,,20.0
4bc9b3983740b71323145f65,Jakarta Selatan,-6.28381815,106.80486349194814,Plataran,-6.254377317841188,106.80270236625606,Indonesian Restaurant,8.7,,,14.0,,136.0
557c14e3498ec1b1d5b80011,Jakarta Selatan,-6.28381815,106.80486349194814,Warung Turkï by Turkuaz,-6.259123485216758,106.81500190259071,Turkish Restaurant,8.5,,,13.0,,77.0
5533b780498e6ce7cfe101fa,Jakarta Selatan,-6.28381815,106.80486349194814,Shabu Hachi,-6.3042774531825305,106.78153255570976,Shabu-Shabu Restaurant,8.7,,,18.0,,120.0
599ed7342aff317e346d3665,Jakarta Selatan,-6.28381815,106.80486349194814,Pizza Marzano,-6.261398,106.812351,Pizza Place,8.3,,,0.0,,8.0
4ba4d041f964a52054b738e3,Jakarta Selatan,-6.28381815,106.80486349194814,Gandy steak apt.Bukit Golf,-6.2752921005638775,106.78524841577664,Steakhouse,8.2,,,9.0,,14.0
5088c2afe4b07bd0b6232748,Jakarta Selatan,-6.28381815,106.80486349194814,Graffiti Restaurant,-6.290797557325118,106.77997070438647,Eastern European Restaurant,8.4,,,16.0,,32.0
54faa636498ef2ecce2912df,Jakarta Selatan,-6.28381815,106.80486349194814,Brownfox Waffle & Coffee,-6.288937082625053,106.82461357881385,Café,8.2,,,3.0,,40.0
51ef8dc1498ecf0cbbab829d,Jakarta Selatan,-6.28381815,106.80486349194814,FJ On 7,-6.255299167293232,106.81026844345998,Restaurant,8.6,,,21.0,,99.0
5a0d261c8194fc76a7613297,Jakarta Selatan,-6.28381815,106.80486349194814,AGNEYA,-6.249303,106.803769,Indonesian Restaurant,8.9,,,0.0,,29.0
4bb5d9221344b7137da69c04,Jakarta Selatan,-6.28381815,106.80486349194814,Outback Steakhouse,-6.266584651006379,106.78461876216141,Steakhouse,8.4,,,60.0,,101.0
4ff56bbfe4b038644a8ce0a9,Jakarta Selatan,-6.28381815,106.80486349194814,Chung Gi Wa 청기와,-6.252590765031803,106.80020709858324,Korean Restaurant,8.7,,,8.0,,75.0
4bd0019b046076b04d4e6f71,Jakarta Selatan,-6.28381815,106.80486349194814,Nasi Campur Kenanga,-6.253358196056232,106.80018861763841,BBQ Joint,8.6,,,31.0,,115.0
59d08c2fc0af5716991dac51,Jakarta Selatan,-6.28381815,106.80486349194814,The People's Cafe,-6.2656827,106.784225,Café,8.4,,,2.0,,9.0
4b7d5047f964a520b4b72fe3,Jakarta Selatan,-6.28381815,106.80486349194814,Die Stube German Bar & Resto,-6.255670336206968,106.80888487899462,German Restaurant,8.4,,,54.0,,168.0
4d2dbae4fd2e236a02d8f2de,Jakarta Selatan,-6.28381815,106.80486349194814,Pusat Makanan Kampung Kandang,-6.310491611820644,106.81399781189526,Food Court,8.4,,,21.0,,79.0
4b9f5ed8f964a520d01e37e3,Jakarta Selatan,-6.28381815,106.80486349194814,The Duck King,-6.265515834635926,106.78289778286535,Chinese Restaurant,8.4,,,87.0,,136.0
51d19a7a498e2a03a1dd37c1,Jakarta Selatan,-6.28381815,106.80486349194814,Dragon Flames Restaurant,-6.260184154154195,106.81544271987792,Chinese Restaurant,8.3,,,17.0,,59.0
51e53639498e98d9da4d4732,Jakarta Selatan,-6.28381815,106.80486349194814,Monolog,-6.266045,106.784152,Café,8.4,,,62.0,,327.0
578cc12f498ea4933a9f0aea,Jakarta Selatan,-6.28381815,106.80486349194814,Sushi Tei,-6.260293718992077,106.8122912774955,Sushi Restaurant,8.3,,,2.0,,29.0
54110e9b498ea96f177745df,Jakarta Selatan,-6.28381815,106.80486349194814,Patio Trattoria & Pizzeria,-6.24962482117976,106.801617098047,Italian Restaurant,8.8,,,5.0,,59.0
559f548f498e22a20d047dbc,Jakarta Selatan,-6.28381815,106.80486349194814,Marugame Udon,-6.264937935298252,106.78289371487665,Udon Restaurant,8.4,,,9.0,,42.0
554629fa498e2fc284304ef2,Jakarta Pusat,-6.18233995,106.84287153600738,Bunga Pepaya,-6.189086580548076,106.83585889936015,Manadonese Restaurant,8.9,,,7.0,,49.0
576a7f10498e9fc15763118f,Jakarta Pusat,-6.18233995,106.84287153600738,Al Jazeerah Signature,-6.187136748022832,106.8320095539093,Mediterranean Restaurant,8.5,,,4.0,,46.0
58a67ddda4367c16bbb8901a,Jakarta Pusat,-6.18233995,106.84287153600738,Plataran Menteng,-6.191822010106395,106.8287667753986,Indonesian Restaurant,8.8,,,8.0,,80.0
53d6fac2498e74a50d29d016,Jakarta Pusat,-6.18233995,106.84287153600738,OPEN} Restaurant,-6.198510230537751,106.84300969078241,Buffet,8.7,,,7.0,,25.0
55200650498e60974dadb42c,Jakarta Pusat,-6.18233995,106.84287153600738,Por Qué No?,-6.198064353210426,106.82878681842588,Tapas Restaurant,8.9,,,8.0,,85.0
4c01fa168ef2c9b6287a16fc,Jakarta Pusat,-6.18233995,106.84287153600738,Bunga Rampai,-6.198502708710744,106.83733317509072,Indonesian Restaurant,8.6,,,51.0,,227.0
58390ec237da1d46fb607b8f,Jakarta Pusat,-6.18233995,106.84287153600738,Quiznos Sub,-6.197970330622768,106.82819149944567,Sandwich Place,8.9,,,3.0,,21.0
4c09e1e9009a0f470aa0e8bf,Jakarta Pusat,-6.18233995,106.84287153600738,Paulaner Bräuhaus,-6.195835506876679,106.82288409239375,German Restaurant,8.8,,,223.0,,539.0
4fa12391e4b0c33ec67cd84c,Jakarta Pusat,-6.18233995,106.84287153600738,SKYE,-6.196795477946684,106.82258004173801,Restaurant,8.9,,,308.0,,1115.0
5497c2f4498e2fe76c36e02f,Jakarta Pusat,-6.18233995,106.84287153600738,UNION DELI,-6.1963965179416105,106.82188071091186,Deli / Bodega,8.9,,,39.0,,163.0
55713159498eb08a1049d3cd,Jakarta Pusat,-6.18233995,106.84287153600738,NamNam Noodle Bar,-6.193175681301038,106.82111233016572,Vietnamese Restaurant,8.8,,,9.0,,58.0
5371d62f498ea16a1fa978e2,Jakarta Pusat,-6.18233995,106.84287153600738,Sentral Al-Jazeerah Restaurant & Cafe,-6.19271832373392,106.86358444234192,Moroccan Restaurant,8.7,,,10.0,,47.0
54f832cd498e710fdc15a466,Jakarta Pusat,-6.18233995,106.84287153600738,Caffè Milano,-6.196049985588505,106.82149715977529,Italian Restaurant,8.8,,,20.0,,119.0
570f3830498e3ab01ad5ef00,Jakarta Pusat,-6.18233995,106.84287153600738,Oku Restaurant,-6.195073146461398,106.82224411781064,Japanese Restaurant,8.7,,,2.0,,17.0
4bfce1c5b68d0f47e3f6e757,Jakarta Pusat,-6.18233995,106.84287153600738,Okky Cake & Bakery,-6.208571732423086,106.83700164369971,Bakery,8.9,,,8.0,,46.0
51d56e6b498e71c839abc4e2,Jakarta Pusat,-6.18233995,106.84287153600738,Waha Kitchen,-6.187175,106.821726,Asian Restaurant,8.5,,,37.0,,108.0
4ba2de38f964a5204b1f38e3,Jakarta Pusat,-6.18233995,106.84287153600738,Kempi Deli,-6.195858593356719,106.8227570688993,Bakery,8.7,,,37.0,,56.0
4ba228ebf964a52030e037e3,Jakarta Pusat,-6.18233995,106.84287153600738,"Tony Roma's Ribs, Seafood, & Steaks",-6.199174178253217,106.82302584905946,Steakhouse,8.7,,,63.0,,150.0
4b960d04f964a52031bb34e3,Jakarta Pusat,-6.18233995,106.84287153600738,Sate Khas Senayan,-6.1963467871745985,106.82862643952744,Indonesian Restaurant,8.4,,,75.0,,199.0
4b836055f964a520610431e3,Jakarta Pusat,-6.18233995,106.84287153600738,Seribu Rasa,-6.195578240706067,106.82482897840909,Indonesian Restaurant,8.5,,,97.0,,275.0
55abb0f9498e3d441a783943,Jakarta Pusat,-6.18233995,106.84287153600738,PAUL,-6.194508116290849,106.82137449073012,French Restaurant,8.6,,,10.0,,70.0
4b87d7aff964a520bcce31e3,Jakarta Pusat,-6.18233995,106.84287153600738,SOCIAL HOUSE,-6.195851407229874,106.82291010381375,Restaurant,8.6,,,409.0,,967.0
5104fbbbe4b0e45fff4b283b,Jakarta Pusat,-6.18233995,106.84287153600738,Sushi Tei,-6.194921701627258,106.82020811973646,Sushi Restaurant,8.7,,,57.0,,274.0
574d0a79498e54ddb8606639,Jakarta Pusat,-6.18233995,106.84287153600738,Maple & Oak,-6.197962139064554,106.8285765320184,Breakfast Spot,8.4,,,16.0,,54.0
4bd90e9c5cf276b0439d9d00,Jakarta Pusat,-6.18233995,106.84287153600738,Signatures Restaurant,-6.195168256822929,106.82198249830857,Buffet,8.5,,,38.0,,121.0
52cd079d11d25275005f58ac,Jakarta Pusat,-6.18233995,106.84287153600738,Sana Sini,-6.193382,106.82355,Buffet,8.4,,,25.0,,85.0
4e9a565702d5df1b5038d926,Jakarta Pusat,-6.18233995,106.84287153600738,Pizza Hut,-6.1677102439339135,106.82807737553861,Pizza Place,8.3,,,65.0,,140.0
5583e6b4498eb0b2e4ea551d,Jakarta Pusat,-6.18233995,106.84287153600738,OLIVIER,-6.1955044275060684,106.8204653263092,Café,8.6,,,21.0,,119.0
56765b35498e97455b1ae4a6,Jakarta Pusat,-6.18233995,106.84287153600738,Genki Sushi,-6.194645546663819,106.81976638062692,Sushi Restaurant,8.6,,,10.0,,42.0
50700051e4b06e5e715277b5,Jakarta Pusat,-6.18233995,106.84287153600738,Chang Tien Restaurant,-6.1630642450392195,106.82574692371013,Asian Restaurant,8.5,,,5.0,,14.0
55f17d55498e198855ea8630,Jakarta Pusat,-6.18233995,106.84287153600738,Hause Rooftop,-6.207773329708828,106.8283344923784,Gastropub,8.7,,,12.0,,65.0
53847af6498e1120b2d55c29,Jakarta Pusat,-6.18233995,106.84287153600738,Akira Back,-6.208153567025963,106.82848255173688,Japanese Restaurant,8.7,,,35.0,,104.0
543fccab498e2783fe3c5dd5,Jakarta Pusat,-6.18233995,106.84287153600738,Marugame Udon,-6.1951579612945835,106.82027554297234,Udon Restaurant,8.5,,,30.0,,122.0
566e40e1498e79811b9da42a,Jakarta Pusat,-6.18233995,106.84287153600738,Abura Soba,-6.195725278498862,106.82150093811713,Soba Restaurant,8.5,,,11.0,,45.0
4e254e7a227197a9df07dda4,Jakarta Pusat,-6.18233995,106.84287153600738,Shihlin Taiwan Street Snacks,-6.194727784090573,106.82066932055136,Snack Place,8.5,,,6.0,,13.0
549cd72f498ef4e379c8523e,Jakarta Pusat,-6.18233995,106.84287153600738,Union Deli,-6.195329,106.820308,Bistro,8.5,,,1.0,,17.0
4baef138f964a52024e33be3,Jakarta Pusat,-6.18233995,106.84287153600738,Kwang Tung,-6.162311,106.826552,Chinese Restaurant,8.5,,,133.0,,390.0
5bdaed7e1822230032e4b57d,Jakarta Pusat,-6.18233995,106.84287153600738,Joe & Dough,-6.193514,106.821385,Bakery,8.4,,,3.0,,11.0
588c25ff65be58175b80614d,Jakarta Pusat,-6.18233995,106.84287153600738,Eight Treasures,-6.1945430005416675,106.82148187739477,Chinese Restaurant,8.4,,,1.0,,19.0
4bf0d4da1f17ef3bb1d89bc8,Jakarta Pusat,-6.18233995,106.84287153600738,Pagi Sore,-6.17637599926081,106.87147401970012,Padangnese Restaurant,8.6,,,31.0,,111.0
4fe6a602e4b0227204545222,Jakarta Pusat,-6.18233995,106.84287153600738,Paradise Inn,-6.193232490348582,106.8213435071548,Chinese Restaurant,8.3,,,20.0,,53.0
54ba2ae5498eb85a56fffc72,Jakarta Pusat,-6.18233995,106.84287153600738,PUBLIK MARKETTE,-6.196468429676526,106.82209007364673,Restaurant,8.3,,,37.0,,171.0
59297f051987ec5c59ad1b04,Jakarta Pusat,-6.18233995,106.84287153600738,AB Steak by Chef Akira Back,-6.208129110810273,106.82862979187122,Steakhouse,8.6,,,2.0,,12.0
4c10d2ac3ce120a17499081c,Jakarta Pusat,-6.18233995,106.84287153600738,Pondok Laguna Resto,-6.163075368405713,106.82533108752854,Seafood Restaurant,8.4,,,142.0,,350.0
4bff5c87ca1920a1cebfec81,Jakarta Pusat,-6.18233995,106.84287153600738,SATOO,-6.203428668338226,106.81878309847889,Restaurant,8.7,,,192.0,,517.0
54bccbf2498e2e00c220dcc8,Jakarta Pusat,-6.18233995,106.84287153600738,BENEDICT,-6.1961711209931964,106.8219576835566,Café,8.3,,,23.0,,149.0
56fe6932498e1936e6ec3a86,Jakarta Pusat,-6.18233995,106.84287153600738,Holycow Steak Camp Batu Tulis,-6.163459354196783,106.82344580964727,Steakhouse,8.4,,,1.0,,32.0
55518db1498ed9b1b48681f1,Jakarta Pusat,-6.18233995,106.84287153600738,pokenbir,-6.216982258132307,106.83015716002771,BBQ Joint,8.9,,,23.0,,116.0
4d09eb2333d6b60c5aac9785,Jakarta Pusat,-6.18233995,106.84287153600738,Soto Jakarta - Mas Hari,-6.172202001386138,106.8740835416161,Soup Place,8.5,,,3.0,,10.0
5598b6b1498e4d9fdbe5b9c2,Jakarta Pusat,-6.18233995,106.84287153600738,Carl's Jr.,-6.219847487912795,106.83334828819707,Fast Food Restaurant,8.8,,,11.0,,88.0
